City_ID,City,Country,Date,Lat,Lng,Max Temp,Humidity,Cloudiness,Wind Speed
0,San Quintin,MX,2021-03-19 22:00:34,30.4833,-115.95,66.45,55,0,15.95
1,Awbari,LY,2021-03-19 22:02:58,26.5921,12.7805,66.47,19,0,8.95
2,Nova Olimpia,BR,2021-03-19 22:02:58,-14.7972,-57.2881,73.36,92,100,4.81
3,Ushuaia,AR,2021-03-19 21:54:36,-54.8,-68.3,50.0,66,75,10.36
4,Mataura,NZ,2021-03-19 21:52:21,-46.1927,168.8643,55.0,85,98,5.99
5,Karasjok,NO,2021-03-19 22:02:58,69.4719,25.5112,37.4,75,20,6.91
6,Vaini,TO,2021-03-19 21:57:11,-21.2,-175.2,84.2,79,40,8.05
7,Fort Nelson,CA,2021-03-19 21:56:22,58.8053,-122.7002,33.8,51,75,12.66
8,Yankton,US,2021-03-19 22:02:59,42.8711,-97.3973,55.4,33,1,19.57
9,Puerto Ayora,EC,2021-03-19 21:54:39,-0.7393,-90.3518,84.2,74,40,9.22
10,Arraial Do Cabo,BR,2021-03-19 21:58:05,-22.9661,-42.0278,80.6,69,20,12.66
11,Port Elizabeth,ZA,2021-03-19 21:54:41,-33.918,25.5701,68.0,68,90,6.91
12,Bambanglipuro,ID,2021-03-19 21:56:45,-7.95,110.2833,76.35,87,100,5.5
13,Vestmannaeyjar,IS,2021-03-19 21:57:58,63.4427,-20.2734,42.39,82,100,22.55
14,Atuona,PF,2021-03-19 21:57:15,-9.8,-139.0333,80.01,75,6,12.35
15,Cabo San Lucas,MX,2021-03-19 21:52:41,22.8909,-109.9124,80.6,27,1,4.7
16,Hofn,IS,2021-03-19 21:57:25,64.2539,-15.2082,45.01,88,44,17.76
17,Albany,US,2021-03-19 21:52:33,42.6001,-73.9662,39.99,22,0,6.15
18,Ekhabi,RU,2021-03-19 22:02:59,53.5102,142.9671,8.98,90,8,8.99
19,Payo,ID,2021-03-19 22:02:59,-3.7508,103.6372,72.48,98,100,1.39
20,Hobart,AU,2021-03-19 21:52:54,-42.8794,147.3294,55.99,87,75,5.75
21,Rikitea,PF,2021-03-19 21:54:38,-23.1203,-134.9692,80.83,76,94,13.94
22,Kirakira,SB,2021-03-19 21:57:22,-10.4544,161.9205,84.54,72,44,5.73
23,Sioux Lookout,CA,2021-03-19 21:57:38,50.1001,-91.917,51.8,28,40,14.97
24,Katsuura,JP,2021-03-19 21:57:57,35.1333,140.3,53.6,71,75,11.5
25,Provideniya,RU,2021-03-19 21:54:47,64.3833,-173.3,-5.76,91,94,17.05
26,Yellowknife,CA,2021-03-19 21:54:55,62.456,-114.3525,32.0,51,75,14.97
27,Souillac,MU,2021-03-19 22:03:00,-20.5167,57.5167,78.8,78,40,13.8
28,Cape Town,ZA,2021-03-19 21:54:57,-33.9258,18.4232,66.99,63,20,18.41
29,Umm Kaddadah,SD,2021-03-19 21:57:51,13.6017,26.6876,83.41,15,36,18.92
30,Ahipara,NZ,2021-03-19 21:55:59,-35.1667,173.1667,66.34,56,6,8.12
31,Cockburn Town,TC,2021-03-19 22:03:00,21.4612,-71.1419,78.8,69,40,10.36
32,Haines Junction,CA,2021-03-19 22:03:00,60.7522,-137.5108,14.0,44,100,16.11
33,Udachnyy,RU,2021-03-19 22:03:01,66.4167,112.4,-5.66,98,100,9.64
34,Plotnikovo,RU,2021-03-19 22:03:01,55.0247,85.9436,15.8,79,0,6.71
35,Hilo,US,2021-03-19 21:55:14,19.7297,-155.09,75.2,57,90,10.36
36,Ilulissat,GL,2021-03-19 21:56:26,69.2167,-51.1,21.2,53,75,24.16
37,Saint George,US,2021-03-19 21:57:28,37.1041,-113.5841,75.0,28,1,3.44
38,Chokurdakh,RU,2021-03-19 21:55:50,70.6333,147.9167,-14.53,92,100,10.89
39,Georgetown,MY,2021-03-19 21:57:14,5.4112,100.3354,78.8,65,20,3.44
40,Qaanaaq,GL,2021-03-19 21:55:35,77.484,-69.3632,-6.21,89,100,1.57
41,Te Anau,NZ,2021-03-19 22:03:01,-45.4167,167.7167,53.38,73,91,0.38
42,Saskylakh,RU,2021-03-19 21:57:10,71.9167,114.0833,-34.73,99,24,4.05
43,Camana,PE,2021-03-19 21:57:23,-16.6228,-72.7111,73.26,73,22,8.03
44,Taltal,CL,2021-03-19 21:53:10,-25.4,-70.4833,66.38,76,24,3.76
45,Upernavik,GL,2021-03-19 21:56:01,72.7868,-56.1549,8.19,92,100,3.98
46,Honiara,SB,2021-03-19 22:03:02,-9.4333,159.95,84.06,69,10,1.97
47,Tiksi,RU,2021-03-19 21:57:09,71.6872,128.8694,-21.32,94,100,9.53
48,Mezen,RU,2021-03-19 22:03:02,65.8522,44.24,-4.68,93,0,2.77
49,New Norfolk,AU,2021-03-19 21:55:05,-42.7826,147.0587,55.0,73,54,1.77
50,Abeche,TD,2021-03-19 22:03:02,13.8292,20.8324,87.3,11,59,16.78
51,Mehamn,NO,2021-03-19 22:03:02,71.0357,27.8492,37.4,81,75,13.8
52,Karratha,AU,2021-03-19 21:58:27,-20.7377,116.8463,74.35,64,0,17.18
53,Butaritari,KI,2021-03-19 21:57:05,3.0707,172.7902,81.75,78,28,14.43
54,Caravelas,BR,2021-03-19 22:03:03,-17.7125,-39.2481,77.56,79,82,5.73
55,Aklavik,CA,2021-03-19 21:58:08,68.2191,-135.0107,-4.0,65,40,8.05
56,Wilmington,US,2021-03-19 22:01:27,34.2257,-77.9447,46.0,70,90,16.11
57,Carnarvon,AU,2021-03-19 21:57:41,-24.8667,113.6333,68.0,68,0,8.05
58,Candolim,IN,2021-03-19 22:03:03,15.5181,73.7626,78.13,53,0,14.07
59,Cidreira,BR,2021-03-19 21:57:25,-30.1811,-50.2056,74.43,74,56,14.65
60,Lompoc,US,2021-03-19 21:56:38,34.6391,-120.4579,64.4,72,20,13.8
61,Verkhniy Mamon,RU,2021-03-19 22:03:03,50.1635,40.3832,30.24,89,100,4.05
62,Ballina,AU,2021-03-19 22:03:03,-28.8667,153.5667,69.8,94,75,4.61
63,Lebu,CL,2021-03-19 21:57:12,-37.6167,-73.65,59.41,70,37,10.0
64,San Policarpo,PH,2021-03-19 21:57:59,12.1791,125.5072,80.17,83,70,7.78
65,Necochea,AR,2021-03-19 21:58:07,-38.5473,-58.7368,66.99,59,64,5.01
66,Nampula,MZ,2021-03-19 22:03:05,-15.1165,39.2666,73.4,94,75,3.44
67,Bluff,NZ,2021-03-19 21:54:51,-46.6,168.3333,55.0,85,95,5.99
68,Sao Felix Do Xingu,BR,2021-03-19 21:55:18,-6.6447,-51.995,70.39,99,100,1.34
69,Mogadishu,SO,2021-03-19 22:03:05,2.0371,45.3438,80.04,82,4,14.45
70,Flinders,AU,2021-03-19 21:57:28,-34.5833,150.8552,72.0,91,100,4.0
71,Vizianagaram,IN,2021-03-19 22:03:05,18.1167,83.4167,72.19,52,0,2.19
72,Saint-Philippe,RE,2021-03-19 21:54:28,-21.3585,55.7679,75.2,83,0,6.91
73,Kapaa,US,2021-03-19 21:54:39,22.0752,-159.319,69.8,78,90,23.02
74,Rizhao,CN,2021-03-19 22:03:05,35.4275,119.4553,42.51,57,100,10.36
75,Vostok,RU,2021-03-19 21:58:01,46.4856,135.8833,15.19,92,59,3.27
76,Inirida,CO,2021-03-19 22:03:06,3.8653,-67.9239,82.26,81,91,1.34
77,Orlik,RU,2021-03-19 21:58:11,52.5178,99.825,-7.26,87,1,2.66
78,Mayo,US,2021-03-19 22:01:41,38.8876,-76.5119,48.0,29,1,12.66
79,El Vigia,VE,2021-03-19 22:03:06,8.6219,-71.6506,81.14,82,95,1.45
80,Privodino,RU,2021-03-19 22:03:06,61.0781,46.5044,14.18,97,95,5.57
81,Kaitangata,NZ,2021-03-19 21:57:58,-46.2817,169.8464,56.12,72,55,9.69
82,Poum,NC,2021-03-19 21:58:38,-20.2333,164.0167,79.77,76,100,17.83
83,Esperance,AU,2021-03-19 21:57:14,-33.8667,121.9,59.0,94,0,13.8
84,Umtata,ZA,2021-03-19 22:00:31,-31.5889,28.7844,64.4,88,92,2.3
85,Mangrol,IN,2021-03-19 21:58:35,21.1167,70.1167,73.06,86,0,7.23
86,Balkhash,KZ,2021-03-19 22:03:06,46.844,74.9804,27.59,63,81,16.28
87,Vanino,RU,2021-03-19 22:03:07,49.0869,140.2543,22.5,74,29,2.77
88,Tuktoyaktuk,CA,2021-03-19 21:54:59,69.4541,-133.0374,-13.0,84,75,12.66
89,Ulaanbaatar,MN,2021-03-19 22:03:07,47.9077,106.8832,3.2,72,0,2.24
90,Komsomolskiy,UZ,2021-03-19 21:57:52,40.4272,71.7189,51.8,75,100,5.7
91,Jacareacanga,BR,2021-03-19 22:03:07,-6.2222,-57.7528,75.51,94,100,2.66
92,Mahebourg,MU,2021-03-19 21:57:09,-20.4081,57.7,78.8,78,40,13.8
93,Biharamulo,TZ,2021-03-19 22:03:07,-2.6319,31.3089,60.73,91,63,2.06
94,Namtsy,RU,2021-03-19 21:58:04,62.7161,129.6658,6.8,85,40,2.24
95,Castro,BR,2021-03-19 21:57:14,-24.7911,-50.0119,65.3,96,16,8.77
96,Opuwo,NA,2021-03-19 22:03:08,-18.0607,13.84,68.86,85,97,1.74
97,Mirnyy,RU,2021-03-19 22:03:08,62.5353,113.9611,9.21,94,95,9.95
98,Jiayuguan,CN,2021-03-19 22:03:08,39.8167,98.3,22.23,33,26,3.11
99,Punta Arenas,CL,2021-03-19 21:54:50,-53.15,-70.9167,51.8,58,40,37.98
100,Adrar,MR,2021-03-19 22:03:08,20.5022,-10.0711,74.37,17,0,14.5
101,Korla,CN,2021-03-19 22:03:09,41.7597,86.1469,35.83,70,0,7.31
102,Port Said,EG,2021-03-19 22:03:09,31.2565,32.2841,60.8,72,0,8.05
103,Port Hawkesbury,CA,2021-03-19 22:03:09,45.6169,-61.3485,19.0,79,90,21.85
104,Mount Gambier,AU,2021-03-19 21:57:03,-37.8333,140.7667,57.2,94,0,8.05
105,Progreso,MX,2021-03-19 22:03:09,21.2833,-89.6667,79.0,53,20,6.91
106,Salalah,OM,2021-03-19 21:57:51,17.0151,54.0924,77.0,38,0,1.14
107,Guiyang,CN,2021-03-19 22:03:10,26.5833,106.7167,50.0,93,90,11.18
108,Praxedis Guerrero,MX,2021-03-19 22:03:10,31.3667,-106.0167,73.0,14,1,5.75
109,Artur Nogueira,BR,2021-03-19 22:02:18,-22.5731,-47.1725,82.4,73,40,10.36
110,Granard,IE,2021-03-19 22:03:10,53.7667,-7.5,48.54,82,100,2.15
111,Madhogarh,IN,2021-03-19 22:03:10,26.276,79.1869,72.48,49,88,5.55
112,Narsaq,GL,2021-03-19 21:58:08,60.9167,-46.05,32.0,34,75,10.36
113,Durant,US,2021-03-19 21:58:36,33.994,-96.3708,66.2,39,1,10.36
114,San Felipe,VE,2021-03-19 22:03:11,10.3399,-68.7425,75.72,79,14,8.23
115,Srednekolymsk,RU,2021-03-19 22:03:11,67.45,153.6833,-17.48,86,0,2.3
116,Royal Tunbridge Wells,GB,2021-03-19 22:03:11,51.1325,0.2633,39.0,90,2,5.5
117,Hermanus,ZA,2021-03-19 21:54:32,-34.4187,19.2345,64.0,85,99,12.44
118,Hithadhoo,MV,2021-03-19 21:56:00,-0.6,73.0833,82.54,74,99,11.95
119,Kuito,AO,2021-03-19 22:03:11,-12.3833,16.9333,61.07,89,100,3.11
120,Agirish,RU,2021-03-19 22:03:12,61.9247,63.0231,15.39,95,98,8.37
121,Alihe,CN,2021-03-19 22:03:12,50.5667,123.7167,18.95,95,100,1.48
122,Dikson,RU,2021-03-19 21:57:48,73.5069,80.5464,-28.07,84,1,7.52
123,Najran,SA,2021-03-19 21:58:40,17.4924,44.1277,69.8,19,0,2.3
124,Carnduff,CA,2021-03-19 22:03:12,49.1667,-101.8009,58.23,33,0,14.03
125,Grindavik,IS,2021-03-19 21:54:44,63.8424,-22.4338,37.4,87,75,21.85
126,Catuday,PH,2021-03-19 22:03:12,16.2923,119.8062,78.26,79,16,5.46
127,Kinsale,IE,2021-03-19 22:03:13,51.7075,-8.5306,48.0,93,75,2.3
128,Mae Hong Son,TH,2021-03-19 21:58:23,19.3003,97.9685,70.92,52,74,1.01
129,Norman Wells,CA,2021-03-19 21:58:15,65.282,-126.8329,-2.2,71,75,18.41
130,Ponta Do Sol,PT,2021-03-19 21:55:08,32.6667,-17.1,57.0,51,1,8.99
131,Bafia,CM,2021-03-19 22:03:13,4.75,11.2333,70.48,93,88,6.89
132,Barrow,US,2021-03-19 21:52:30,71.2906,-156.7887,-5.8,77,90,4.61
133,Arecibo,PR,2021-03-19 22:03:13,18.4724,-66.7157,80.01,68,14,5.01
134,Tasiilaq,GL,2021-03-19 21:57:04,65.6145,-37.6368,24.8,74,6,12.66
135,Avarua,CK,2021-03-19 21:55:03,-21.2078,-159.775,82.4,74,40,10.36
136,Lorengau,PG,2021-03-19 22:03:13,-2.0226,147.2712,82.24,75,44,2.95
137,Severo-Kurilsk,RU,2021-03-19 21:55:00,50.6789,156.125,28.13,87,100,18.59
138,Ayan,RU,2021-03-19 22:03:15,56.45,138.1667,10.31,70,1,5.95
139,Sungairaya,ID,2021-03-19 22:03:15,0.7,108.9,76.82,86,80,5.37
140,Ribeira Grande,PT,2021-03-19 21:57:23,38.5167,-28.7,60.8,88,75,18.41
141,Chapais,CA,2021-03-19 22:02:44,49.7834,-74.8492,32.0,40,20,12.66
142,Kajaani,FI,2021-03-19 22:03:15,64.2273,27.7285,19.4,58,0,10.36
143,Bilibino,RU,2021-03-19 21:57:26,68.0546,166.4372,-13.43,63,82,0.25
144,Panaba,MX,2021-03-19 22:03:15,21.2833,-88.2667,77.2,62,75,16.08
145,Bethel,US,2021-03-19 21:57:30,41.3712,-73.414,39.99,26,11,10.96
146,Bredasdorp,ZA,2021-03-19 21:55:01,-34.5322,20.0403,64.4,77,100,1.14
147,Rawson,AR,2021-03-19 21:57:12,-43.3002,-65.1023,78.21,19,10,11.01
148,Fukue,JP,2021-03-19 21:56:50,32.6881,128.8419,60.64,92,100,18.34
149,Busselton,AU,2021-03-19 21:54:33,-33.65,115.3333,71.19,41,94,6.06
150,Staunton,US,2021-03-19 22:02:59,38.1496,-79.0717,48.2,27,1,8.05
151,Clyde River,CA,2021-03-19 21:54:38,70.4692,-68.5914,-13.0,70,40,3.44
152,Ixtapa,MX,2021-03-19 22:03:16,20.7,-105.2,77.0,61,1,10.36
153,San Jeronimo,PE,2021-03-19 22:01:11,-11.9472,-75.2829,58.03,68,99,6.17
154,West Wendover,US,2021-03-19 22:03:16,40.7391,-114.0733,64.4,24,90,6.91
155,Smiltene,LV,2021-03-19 22:03:16,57.4244,25.9016,19.99,77,0,1.01
156,Thompson,CA,2021-03-19 21:54:52,55.7435,-97.8558,50.0,40,75,10.36
157,Zyukayka,RU,2021-03-19 22:03:17,58.2025,54.7003,25.74,95,97,9.57
158,Mar Del Plata,AR,2021-03-19 21:57:08,-38.0023,-57.5575,70.0,56,0,5.75
159,Pevek,RU,2021-03-19 21:55:51,69.7008,170.3133,-16.44,90,100,1.63
160,Yeppoon,AU,2021-03-19 21:59:08,-23.1333,150.7333,75.2,88,90,5.75
161,Moron,AR,2021-03-19 21:56:23,-34.6534,-58.6198,70.0,64,82,5.99
162,Zeya,RU,2021-03-19 22:03:17,53.75,127.2667,10.53,87,100,1.7
163,Klaksvik,FO,2021-03-19 21:57:15,62.2266,-6.589,44.6,93,75,20.71
164,Winnemucca,US,2021-03-19 22:03:17,40.973,-117.7357,55.4,44,90,13.8
165,Bonavista,CA,2021-03-19 21:57:19,48.6499,-53.1147,43.0,100,100,8.05
166,Esmeralda,CU,2021-03-19 22:03:17,21.8525,-78.1169,86.0,45,20,17.27
167,Half Moon Bay,US,2021-03-19 21:55:42,37.4636,-122.4286,62.01,82,1,9.22
168,Kautokeino,NO,2021-03-19 22:03:18,69.0125,23.0412,30.96,76,3,19.77
169,Kampot,KH,2021-03-19 22:03:18,10.6167,104.1833,77.0,88,0,2.3
170,Koslan,RU,2021-03-19 22:03:18,63.4564,48.8989,3.7,97,84,3.83
171,Tabuk,PH,2021-03-19 21:58:05,17.4189,121.4443,71.49,94,95,1.05
172,Yakeshi,CN,2021-03-19 22:03:19,49.2833,120.7333,13.14,96,99,1.83
173,Nyzhni Sirohozy,UA,2021-03-19 22:03:19,46.8484,34.3804,36.09,93,97,7.23
174,Quatre Cocos,MU,2021-03-19 22:03:19,-20.2078,57.7625,78.8,78,40,13.8
175,Codrington,AU,2021-03-19 21:58:07,-38.2667,141.9667,60.66,87,2,10.38
176,Kasongo-Lunda,CD,2021-03-19 22:03:19,-6.4667,16.8167,70.59,96,19,1.3
177,Rorvik,NO,2021-03-19 22:03:20,64.8621,11.2373,41.0,93,75,18.41
178,Batemans Bay,AU,2021-03-19 21:58:28,-35.7167,150.1833,69.01,82,100,5.01
179,Cayenne,GF,2021-03-19 21:57:45,4.9333,-52.3333,80.6,74,35,6.91
180,Bengkulu,ID,2021-03-19 21:58:27,-3.8004,102.2655,75.76,89,100,4.14
181,Maxixe,MZ,2021-03-19 22:03:20,-23.8597,35.3472,75.67,83,0,6.08
182,Cozumel,MX,2021-03-19 21:59:10,20.5083,-86.9458,77.0,83,90,4.61
183,Krasyliv,UA,2021-03-19 22:03:20,49.6519,26.9725,28.94,74,100,5.12
184,Klyuchi,RU,2021-03-19 22:03:20,52.2667,79.1667,20.88,65,37,18.5
185,Nizhyn,UA,2021-03-19 22:03:21,51.048,31.8869,31.08,90,100,5.32
186,Kodiak,US,2021-03-19 21:55:15,57.79,-152.4072,30.2,27,1,4.61
187,Jaque,PA,2021-03-19 22:03:21,7.5175,-78.1703,79.83,86,100,5.88
188,Aden,YE,2021-03-19 22:00:46,12.7794,45.0367,78.1,69,15,13.91
189,Vung Tau,VN,2021-03-19 22:03:21,10.346,107.0843,78.64,87,100,11.92
190,Beringovskiy,RU,2021-03-19 21:57:39,63.05,179.3167,-2.79,93,100,15.57
191,Minas,UY,2021-03-19 22:03:21,-34.3759,-55.2377,68.0,68,0,10.36
192,Hirara,JP,2021-03-19 22:03:13,24.8,125.2833,69.8,94,20,5.75
193,Vanimo,PG,2021-03-19 21:55:17,-2.6741,141.3028,79.47,80,90,4.45
194,Miranda De Ebro,ES,2021-03-19 22:03:22,42.6865,-2.947,39.99,81,90,9.22
195,Beyneu,KZ,2021-03-19 21:57:39,45.3167,55.2,40.32,79,67,15.37
196,Port Shepstone,ZA,2021-03-19 22:03:22,-30.7414,30.455,73.09,81,81,3.51
197,Sitka,US,2021-03-19 21:55:19,57.0531,-135.33,35.6,69,75,12.66
198,Pokhara,NP,2021-03-19 22:03:02,28.2333,83.9833,69.04,18,100,5.01
199,Cherskiy,RU,2021-03-19 21:54:37,68.75,161.3,-25.29,94,0,4.43
200,Javanrud,IR,2021-03-19 22:00:20,34.7961,46.5172,37.74,80,0,2.86
201,Takapau,NZ,2021-03-19 22:03:22,-40.0333,176.35,52.0,87,43,4.05
202,Yazman,PK,2021-03-19 22:01:10,29.1212,71.7446,76.98,22,11,4.32
203,Meadow Lake,US,2021-03-19 22:02:22,34.8014,-106.5436,73.0,11,20,5.75
204,Sunrise Manor,US,2021-03-19 22:03:23,36.2111,-115.0731,80.6,14,1,14.97
205,Liberty,US,2021-03-19 22:03:23,31.8335,-81.5004,66.0,52,90,13.8
206,Nanortalik,GL,2021-03-19 21:56:00,60.1432,-45.2371,31.3,96,100,27.56
207,Krasnokamensk,RU,2021-03-19 22:03:23,50.0979,118.0369,17.06,96,100,3.42
208,Jamestown,US,2021-03-19 21:52:35,42.097,-79.2353,37.99,25,1,8.68
209,Jorpeland,NO,2021-03-19 22:03:23,59.0225,6.0408,39.2,81,90,3.44
210,Kungurtug,RU,2021-03-19 22:03:24,50.5994,97.5228,-0.76,91,15,2.01
211,Yumen,CN,2021-03-19 22:03:24,40.2833,97.2,23.59,34,89,8.77
212,Roma,US,2021-03-19 21:57:26,43.2128,-75.4557,37.99,25,1,10.36
213,Surgut,RU,2021-03-19 22:03:24,61.25,73.4167,23.0,100,40,11.18
214,Sao Filipe,CV,2021-03-19 21:56:27,14.8961,-24.4956,71.76,77,6,6.17
215,Adana,TR,2021-03-19 22:03:24,36.985,35.2881,50.0,87,75,2.3
216,Filingue,NE,2021-03-19 22:03:24,14.3521,3.3168,87.42,11,4,8.01
217,Gorom-Gorom,BF,2021-03-19 22:03:25,14.4439,-0.2361,85.12,11,45,9.64
218,Metlaltoyuca,MX,2021-03-19 22:03:25,20.7333,-97.85,80.6,41,20,11.5
219,Yerbogachen,RU,2021-03-19 21:58:15,61.2767,108.0108,17.22,93,100,14.58
220,Paita,PE,2021-03-19 22:03:25,-5.0892,-81.1144,87.8,55,0,19.57
221,Egvekinot,RU,2021-03-19 21:57:34,66.3167,-179.1667,-8.14,73,59,8.12
222,Gua Musang,MY,2021-03-19 22:03:25,4.8823,101.9644,69.6,95,87,0.16
223,Ust-Uda,RU,2021-03-19 22:03:26,54.1742,103.0304,7.2,95,78,2.44
224,Cabinda,AO,2021-03-19 22:03:26,-5.55,12.2,79.57,85,42,5.19
225,Palmer,US,2021-03-19 21:57:31,42.1584,-72.3287,41.0,19,20,13.8
226,Jalu,LY,2021-03-19 21:56:33,29.0331,21.5482,70.56,19,0,7.58
227,Alice Springs,AU,2021-03-19 21:56:05,-23.7,133.8833,68.0,73,90,5.75
228,Togul,RU,2021-03-19 22:03:26,53.465,85.9128,16.84,86,21,5.64
229,Los Llanos De Aridane,ES,2021-03-19 21:57:22,28.6585,-17.9182,64.4,63,0,14.97
230,Sabha,LY,2021-03-19 21:57:03,27.0377,14.4283,68.97,23,0,9.66
231,Zhanaozen,KZ,2021-03-19 22:03:26,43.3,52.8,38.46,86,0,8.43
232,Acarau,BR,2021-03-19 22:01:04,-2.8856,-40.12,78.71,77,14,11.77
233,Bykovo,RU,2021-03-19 22:03:27,55.6361,38.0803,28.4,86,75,8.95
234,Waddan,LY,2021-03-19 21:57:54,29.1614,16.139,68.83,24,0,6.91
235,Teguise,ES,2021-03-19 21:58:24,29.0605,-13.564,64.4,59,40,11.5
236,Dubbo,AU,2021-03-19 22:03:27,-32.25,148.6167,66.2,82,90,11.5
237,Torbay,CA,2021-03-19 21:57:00,47.6666,-52.7314,42.01,93,90,37.98
238,Hwange,ZW,2021-03-19 22:03:27,-18.3693,26.5019,69.01,85,0,1.9
239,Moletai,LT,2021-03-19 22:03:28,55.2333,25.4167,27.0,86,90,10.36
240,Orikhiv,UA,2021-03-19 22:03:28,47.5673,35.7858,35.6,75,0,2.24
241,Mubi,NG,2021-03-19 22:03:28,10.2676,13.2644,85.39,37,46,5.97
242,Upanema,BR,2021-03-19 22:03:28,-5.6419,-37.2578,84.2,70,75,10.36
243,Sobreira,PT,2021-03-19 22:03:28,41.5237,-7.8023,50.0,72,3,1.99
244,Markova,UA,2021-03-19 22:03:29,48.6758,24.4138,24.39,88,100,2.89
245,Udimskiy,RU,2021-03-19 22:03:29,61.1417,45.9144,11.39,97,94,5.55
246,Ancud,CL,2021-03-19 21:55:00,-41.8697,-73.8203,57.0,76,90,6.91
247,Khandyga,RU,2021-03-19 22:03:29,62.6667,135.6,4.91,95,100,6.46
248,Araripe,BR,2021-03-19 22:03:29,-7.2125,-40.0461,68.88,89,59,2.28
249,Eureka,US,2021-03-19 22:03:30,40.8021,-124.1637,53.01,81,96,3.0
250,Nisia Floresta,BR,2021-03-19 22:03:30,-6.0911,-35.2086,82.4,83,40,5.75
251,Chuy,UY,2021-03-19 21:57:00,-33.6971,-53.4616,63.9,78,0,7.83
252,Hammerfest,NO,2021-03-19 22:03:30,70.6634,23.6821,37.4,81,75,23.02
253,Pagudpud,PH,2021-03-19 22:03:30,18.5616,120.7868,77.0,94,75,4.61
254,Bac Lieu,VN,2021-03-19 22:03:31,9.285,105.7244,79.54,80,75,7.05
255,Tahta,EG,2021-03-19 22:03:31,26.7693,31.5021,64.4,32,0,4.61
256,Uyuni,BO,2021-03-19 22:03:31,-20.4597,-66.825,60.3,30,42,14.36
257,Cascais,PT,2021-03-19 22:03:31,38.6979,-9.4215,57.0,74,0,20.74
258,Airai,TL,2021-03-19 21:57:03,-8.9266,125.4092,59.99,87,16,2.13
259,Nikolskoye,RU,2021-03-19 21:55:02,59.7035,30.7861,18.0,79,0,4.47
260,Bambous Virieux,MU,2021-03-19 21:57:41,-20.3428,57.7575,78.8,78,40,13.8
261,Farmington,US,2021-03-19 22:03:32,36.7281,-108.2187,68.0,13,1,6.76
262,Dubrovytsya,UA,2021-03-19 22:03:32,51.5744,26.565,27.93,75,18,3.11
263,Hasaki,JP,2021-03-19 21:57:10,35.7333,140.8333,48.2,87,75,9.22
264,Talnakh,RU,2021-03-19 21:58:16,69.4865,88.3972,-31.56,84,9,8.23
265,Iquitos,PE,2021-03-19 22:03:32,-3.7481,-73.2472,87.8,62,75,5.75
266,Pisco,PE,2021-03-19 21:57:56,-13.7,-76.2167,77.0,65,0,11.5
267,Lodja,CD,2021-03-19 22:03:32,-3.4833,23.4333,72.14,87,13,1.3
268,Santa Cruz,BO,2021-03-19 21:55:30,-17.8,-63.1667,82.4,61,40,5.75
269,Brufut,GM,2021-03-19 22:03:33,13.3814,-16.7518,66.2,94,0,5.75
270,Mapastepec,MX,2021-03-19 22:03:33,15.4333,-92.9,89.67,52,53,6.44
271,Khatanga,RU,2021-03-19 21:55:06,71.9667,102.5,-28.68,98,100,4.9
272,Atagay,RU,2021-03-19 22:03:33,55.1033,99.3875,11.52,91,68,5.53
273,Sorland,NO,2021-03-19 21:58:39,67.667,12.6934,41.59,75,100,24.23
274,Atar,MR,2021-03-19 21:58:20,20.5169,-13.0499,75.87,17,0,11.48
275,Garhi Khairo,PK,2021-03-19 22:03:33,28.0606,67.9803,73.89,22,0,5.88
276,Hualmay,PE,2021-03-19 21:58:01,-11.0964,-77.6139,74.68,70,98,11.07
277,Verkhniy Avzyan,RU,2021-03-19 22:03:34,53.5289,57.5372,25.25,97,96,2.13
278,Kahului,US,2021-03-19 21:57:01,20.8947,-156.47,77.0,57,20,18.41
279,Alexandria,EG,2021-03-19 21:58:26,31.2156,29.9553,60.8,67,0,5.75
280,Kokubu,JP,2021-03-19 22:03:34,31.7333,130.7667,60.8,82,75,11.5
281,Paamiut,GL,2021-03-19 21:58:11,61.994,-49.6678,31.69,65,100,20.18
282,Collecchio,IT,2021-03-19 22:03:34,44.754,10.2184,37.4,81,0,4.61
283,Hearst,CA,2021-03-19 22:03:34,49.6835,-83.6665,50.0,23,0,17.27
284,Buin,CL,2021-03-19 22:03:35,-33.7333,-70.75,64.4,55,75,4.61
285,Zgierz,PL,2021-03-19 22:03:35,51.8556,19.4062,27.0,59,0,5.75
286,Santiago Nonualco,SV,2021-03-19 22:03:35,13.5167,-88.95,87.8,58,20,8.05
287,Devonport,AU,2021-03-19 22:03:35,-41.1667,146.35,62.01,93,15,10.11
288,Kruisfontein,ZA,2021-03-19 21:56:56,-34.0033,24.7314,64.0,86,98,1.01
289,Cooma,AU,2021-03-19 22:03:36,-36.2333,149.1333,57.2,88,75,6.91
290,Goderich,CA,2021-03-19 22:03:36,43.7501,-81.7165,33.8,60,0,9.22
291,Fortuna,US,2021-03-19 21:57:54,40.5982,-124.1573,54.0,81,20,6.91
292,Tomatlan,MX,2021-03-19 21:57:57,19.9333,-105.25,86.63,40,0,8.1
293,Geraldton,AU,2021-03-19 21:57:31,-28.7667,114.6,69.8,30,0,11.5
294,Igrim,RU,2021-03-19 22:03:36,63.1906,64.4162,3.56,94,100,11.63
295,Vao,NC,2021-03-19 21:57:55,-22.6667,167.4833,75.94,77,100,23.62
296,Saint-Pierre,RE,2021-03-19 21:57:20,-21.3393,55.4781,75.2,83,0,6.91
297,Champerico,GT,2021-03-19 22:03:36,14.3,-91.9167,89.6,55,20,9.22
298,Kamenka,RU,2021-03-19 22:03:37,51.3223,42.7678,25.65,94,98,7.74
299,Abadan,IR,2021-03-19 22:03:37,30.3392,48.3043,68.0,40,0,9.22
300,Zhangye,CN,2021-03-19 22:03:37,38.9342,100.4517,27.36,41,2,8.12
301,Cabo Rojo,PR,2021-03-19 21:59:47,18.0866,-67.1457,79.0,78,53,1.99
302,Virginia Beach,US,2021-03-19 21:54:37,36.8529,-75.978,44.6,45,75,24.16
303,Boueni,YT,2021-03-19 22:03:37,-12.9025,45.0761,80.6,83,0,3.09
304,Launceston,AU,2021-03-19 22:03:38,-41.45,147.1667,60.01,82,3,8.05
305,Brae,GB,2021-03-19 21:57:36,60.3964,-1.353,44.6,93,75,18.41
306,Tiarei,PF,2021-03-19 22:03:38,-17.5333,-149.3333,86.0,66,20,3.44
307,Pitimbu,BR,2021-03-19 21:59:48,-7.4706,-34.8086,80.6,78,75,10.36
308,Waterloo,CA,2021-03-19 22:00:00,43.4668,-80.5164,44.01,30,1,2.3
309,Labuan,MY,2021-03-19 22:03:38,5.2767,115.2417,78.8,94,40,5.97
310,Qandala,SO,2021-03-19 22:03:38,11.472,49.8728,77.49,61,0,6.2
311,Pangai,TO,2021-03-19 22:03:39,-19.8,-174.35,84.2,79,40,6.91
312,Ostrovnoy,RU,2021-03-19 21:55:12,68.0531,39.5131,14.16,83,100,31.76
313,Karangampel,ID,2021-03-19 22:03:39,-6.4622,108.4519,77.31,85,84,3.89
314,Tuatapere,NZ,2021-03-19 21:57:00,-46.1333,167.6833,55.0,85,59,5.99
315,Wanning,CN,2021-03-19 22:03:39,18.8003,110.3967,73.22,94,24,5.32
316,Flin Flon,CA,2021-03-19 21:58:51,54.7682,-101.865,48.2,49,40,8.05
317,Rabo De Peixe,PT,2021-03-19 22:03:39,37.8,-25.5833,59.0,77,40,6.91
318,Victoria,HK,2021-03-19 21:55:08,22.2855,114.1577,73.99,87,35,6.15
319,Mundelein,US,2021-03-19 22:03:40,42.2631,-88.004,46.0,42,1,5.75
320,Nome,US,2021-03-19 21:56:30,64.5011,-165.4064,-0.4,60,1,8.05
321,Atasu,KZ,2021-03-19 22:03:40,48.6814,71.6433,29.8,61,100,12.08
322,Sambava,MG,2021-03-19 22:03:40,-14.2667,50.1667,77.92,86,100,8.68
323,Non Sang,TH,2021-03-19 22:03:40,16.8687,102.5664,82.99,74,27,2.3
324,Faya,SA,2021-03-19 21:58:21,18.3851,42.4509,62.6,82,0,2.73
325,East London,ZA,2021-03-19 21:55:14,-33.0153,27.9116,70.43,89,97,11.12
326,Lugovoy,KZ,2021-03-19 22:03:41,42.9472,72.7644,49.62,42,100,5.55
327,Arman,RU,2021-03-19 22:03:41,59.7,150.1667,-1.14,70,0,5.61
328,Lavrentiya,RU,2021-03-19 21:58:42,65.5833,-171.0,-8.88,90,0,6.51
329,Yinchuan,CN,2021-03-19 22:03:41,38.4681,106.2731,32.9,18,0,2.71
330,Port Alfred,ZA,2021-03-19 21:56:48,-33.5906,26.891,68.77,83,99,13.94
331,Loralai,PK,2021-03-19 22:03:41,30.3705,68.598,59.54,38,7,4.79
332,Longyearbyen,SJ,2021-03-19 21:54:46,78.2186,15.6401,26.6,80,75,17.27
333,Loei,TH,2021-03-19 22:03:42,17.4167,101.5,84.99,64,37,3.94
334,Tukan,RU,2021-03-19 22:03:42,53.8409,57.4552,19.33,96,85,2.28
335,Wichian Buri,TH,2021-03-19 22:03:42,15.6578,101.106,81.68,74,22,3.76
336,Shenjiamen,CN,2021-03-19 22:03:42,29.9576,122.298,52.43,97,97,10.83
337,Verkhoyansk,RU,2021-03-19 22:03:43,67.5447,133.385,1.72,83,100,5.32
338,Inhambane,MZ,2021-03-19 21:58:49,-23.865,35.3833,76.69,81,0,7.05
339,Joacaba,BR,2021-03-19 22:03:43,-27.1781,-51.5047,72.97,73,3,4.65
340,San Cristobal,VE,2021-03-19 21:53:23,7.7669,-72.225,80.6,78,40,6.91
341,Avera,US,2021-03-19 21:58:08,33.194,-82.5271,57.2,72,90,16.11
342,Borogontsy,RU,2021-03-19 22:03:43,62.6683,131.1683,11.32,97,100,2.39
343,Evensk,RU,2021-03-19 22:03:43,61.95,159.2333,2.44,74,100,10.02
344,Amudalavalasa,IN,2021-03-19 22:03:44,18.4167,83.9,72.19,58,0,3.67
345,Borovskoy,KZ,2021-03-19 22:03:44,53.8,64.15,32.2,94,100,8.75
346,Olafsvik,IS,2021-03-19 21:58:10,64.8945,-23.7142,37.67,72,100,23.47
347,Stornoway,GB,2021-03-19 21:54:48,58.2093,-6.3865,46.99,100,90,5.75
348,Yenagoa,NG,2021-03-19 22:03:44,4.9247,6.2642,74.17,93,100,1.88
349,Oktyabrskiy,RU,2021-03-19 22:03:44,54.4815,53.471,28.54,96,100,13.29
350,Itarantim,BR,2021-03-19 22:03:45,-15.6597,-40.0656,71.82,93,100,5.14
351,Potenza,IT,2021-03-19 22:03:45,40.6443,15.8086,33.01,91,100,3.71
352,Rosetta,EG,2021-03-19 22:03:45,31.4044,30.4164,60.8,67,0,5.75
353,Fredericksburg,US,2021-03-19 22:02:04,38.3032,-77.4605,48.0,32,0,1.99
354,Kilimatinde,TZ,2021-03-19 22:03:45,-5.85,34.95,64.56,93,97,1.34
355,Khon Kaen,TH,2021-03-19 22:03:45,16.5,102.0833,82.89,51,18,2.66
356,Rapid City,US,2021-03-19 22:03:46,44.0805,-103.231,59.0,50,1,9.22
357,Adamovka,RU,2021-03-19 22:03:46,51.5223,59.9396,27.54,94,100,14.12
358,Assiniboia,CA,2021-03-19 22:03:46,49.6334,-105.9845,69.8,16,25,13.8
359,Nantucket,US,2021-03-19 22:03:46,41.2835,-70.0995,34.0,60,1,19.57
360,Reconquista,AR,2021-03-19 22:03:47,-29.15,-59.65,77.13,56,83,1.12
361,Charters Towers,AU,2021-03-19 21:58:01,-20.1,146.2667,73.49,81,92,11.1
362,Ponta Delgada,PT,2021-03-19 22:03:47,37.7333,-25.6667,59.0,77,40,6.91
363,Suntar,RU,2021-03-19 22:03:47,62.1444,117.6319,5.5,96,64,5.21
364,Mao,ES,2021-03-19 22:03:47,39.8885,4.2658,44.6,81,20,3.44
365,Lima,PE,2021-03-19 21:55:05,-12.0432,-77.0282,78.8,57,0,9.22
366,Conde,BR,2021-03-19 21:53:21,-7.2597,-34.9075,80.6,78,75,10.36
367,Portland,US,2021-03-19 21:57:19,45.5234,-122.6762,53.6,54,75,11.5
368,Rokupr,SL,2021-03-19 22:03:48,8.6717,-12.395,77.83,56,9,4.92
369,Marsh Harbour,BS,2021-03-19 21:57:17,26.5412,-77.0636,76.26,77,10,14.67
370,Samtredia,GE,2021-03-19 22:03:48,42.1537,42.3352,39.2,93,75,5.75
371,Topchikha,RU,2021-03-19 22:03:48,52.8192,83.1185,21.2,63,0,8.95
372,Puerto Rico,AR,2021-03-19 22:03:48,-26.796,-55.024,82.72,51,39,0.89
373,Rincon,US,2021-03-19 22:03:49,32.296,-81.2354,62.6,55,90,13.8
374,Leningradskiy,RU,2021-03-19 21:55:19,69.3833,178.4167,-14.89,79,97,2.08
375,Padang,ID,2021-03-19 21:58:38,-0.9492,100.3543,75.2,100,75,2.3
376,Cap Malheureux,MU,2021-03-19 22:03:49,-19.9842,57.6142,75.0,92,7,19.77
377,Port Hardy,CA,2021-03-19 21:55:01,50.6996,-127.4199,50.0,71,75,17.27
378,Rocha,UY,2021-03-19 21:58:09,-34.4833,-54.3333,60.35,76,1,6.78
379,Izumo,JP,2021-03-19 21:57:08,35.3667,132.7667,48.2,81,40,16.11
380,Faanui,PF,2021-03-19 21:57:18,-16.4833,-151.75,82.62,67,40,6.13
381,Broome,US,2021-03-19 21:55:32,42.2506,-75.833,37.0,37,1,13.8
382,Casselman,CA,2021-03-19 22:03:49,45.3168,-75.0826,35.01,37,0,6.91
383,Touros,BR,2021-03-19 21:55:48,-5.1989,-35.4608,80.6,78,20,6.91
384,Grand Gaube,MU,2021-03-19 22:03:50,-20.0064,57.6608,75.0,92,5,19.69
385,Issoire,FR,2021-03-19 22:03:50,45.55,3.25,37.4,75,90,12.66
386,Mpongwe,ZM,2021-03-19 22:03:50,-13.5091,28.155,62.98,96,56,5.17
387,Bara,NG,2021-03-19 22:03:50,10.3744,10.7288,89.4,29,91,10.36
388,Sao Gabriel Da Cachoeira,BR,2021-03-19 22:03:50,-0.1303,-67.0892,80.19,85,100,2.62
389,Hambantota,LK,2021-03-19 22:03:24,6.1241,81.1185,76.51,78,99,8.59
390,Kagalnitskaya,RU,2021-03-19 22:03:51,46.8806,40.1466,36.0,80,100,4.0
391,Saldanha,ZA,2021-03-19 21:58:39,-33.0117,17.9442,60.8,77,73,6.91
392,Maromitsa,RU,2021-03-19 22:03:51,59.8683,48.0123,18.09,96,97,6.64
393,Sulangan,PH,2021-03-19 22:03:51,11.1373,123.7228,82.04,76,99,9.04
394,Vigrestad,NO,2021-03-19 22:03:51,58.5667,5.7,37.99,90,98,5.37
395,Coihaique,CL,2021-03-19 21:58:04,-45.5752,-72.0662,55.4,54,90,12.66
396,Olinda,BR,2021-03-19 21:54:45,-8.0089,-34.8553,80.6,65,20,6.91
397,Isla Mujeres,MX,2021-03-19 22:00:02,21.2311,-86.731,77.0,88,75,5.75
398,Agadez,NE,2021-03-19 22:03:52,19.75,10.25,88.7,13,32,9.64
399,Romny,UA,2021-03-19 22:03:52,50.751,33.4747,31.44,94,100,3.44
400,Zabol,AF,2021-03-19 22:03:52,32.25,67.25,56.26,33,87,3.94
401,Cabedelo,BR,2021-03-19 21:55:40,-6.9811,-34.8339,80.6,78,75,10.36
402,Warmbad,NA,2021-03-19 22:03:52,-28.45,18.7333,79.11,28,73,4.43
403,Constitucion,CL,2021-03-19 21:55:40,-35.3333,-72.4167,60.37,62,42,7.14
404,Lata,PT,2021-03-19 21:57:05,40.1629,-8.3327,57.0,69,2,8.99
405,Kristiansund,NO,2021-03-19 22:03:53,63.1115,7.732,42.8,81,75,23.02
406,California City,US,2021-03-19 22:00:54,35.1258,-117.9859,75.2,33,1,13.8
407,Mujiayingzi,CN,2021-03-19 22:03:53,42.1167,118.7833,29.97,95,100,4.36
408,Vila Franca Do Campo,PT,2021-03-19 21:58:14,37.7167,-25.4333,59.0,77,40,6.91
409,Gladstone,AU,2021-03-19 22:03:53,-23.85,151.25,77.0,78,40,5.75
410,Riobamba,EC,2021-03-19 22:01:07,-1.6667,-78.6333,57.2,88,75,6.91
411,Dawei,MM,2021-03-19 21:58:36,14.0833,98.2,72.91,78,0,1.83
412,Turkistan,KZ,2021-03-19 22:03:54,43.0,68.0,51.93,76,100,12.21
413,Hvide Sande,DK,2021-03-19 22:03:54,56.0045,8.1294,27.0,76,30,8.39
414,Barsi,IN,2021-03-19 22:03:54,18.2333,75.7,79.45,27,73,3.96
415,Svetlogorsk,BY,2021-03-19 21:57:49,52.6333,29.7333,27.27,79,33,3.87
416,Sibolga,ID,2021-03-19 22:03:54,1.7427,98.7792,77.61,87,96,3.11
417,Wajir,KE,2021-03-19 22:03:54,1.7471,40.0573,83.59,55,100,19.19
418,Khasan,RU,2021-03-19 22:03:55,42.4308,130.6434,36.81,92,100,11.43
419,San Ignacio,BZ,2021-03-19 22:03:55,17.1561,-89.0714,80.6,74,40,6.91
420,Kushiro,JP,2021-03-19 22:03:55,42.975,144.3747,30.2,59,20,8.05
421,Aswan,EG,2021-03-19 21:58:30,24.0934,32.907,72.75,24,0,8.79
422,Turochak,RU,2021-03-19 22:03:55,52.2576,87.1224,12.47,88,26,4.05
423,Nautla,MX,2021-03-19 22:03:56,20.2167,-96.7833,73.99,58,3,11.14
424,San Andres,CO,2021-03-19 22:03:06,12.5847,-81.7006,84.2,70,40,13.8
425,Plettenberg Bay,ZA,2021-03-19 21:54:59,-34.0527,23.3716,64.31,88,96,10.2
426,Impfondo,CG,2021-03-19 22:03:56,1.6381,18.0667,72.3,95,82,3.94
427,Bailesti,RO,2021-03-19 22:03:56,44.0167,23.35,37.99,69,0,5.75
428,Rawlins,US,2021-03-19 21:59:26,41.7911,-107.2387,53.6,35,1,16.11
429,Bogovarovo,RU,2021-03-19 22:03:56,58.9785,47.0246,16.88,96,95,7.65
430,Tabou,CI,2021-03-19 21:55:27,4.423,-7.3528,79.23,82,32,6.64
431,Yermakovskoye,RU,2021-03-19 22:03:57,53.2831,92.4003,12.6,86,21,3.29
432,Jambi,ID,2021-03-19 22:03:57,-1.6,103.6167,74.34,98,93,0.83
433,Marawi,PH,2021-03-19 22:03:57,7.9986,124.2928,73.99,92,100,5.99
434,Newport,GB,2021-03-19 22:01:58,51.5877,-2.9984,46.99,83,89,6.82
435,Guadalupe Y Calvo,MX,2021-03-19 22:03:57,26.1,-106.9667,69.64,9,0,12.17
436,Sapa,PH,2021-03-19 22:03:58,5.1544,120.3241,81.03,83,87,7.76
437,Kisangani,CD,2021-03-19 22:00:20,0.5167,25.2,70.86,98,59,2.8
438,Santa Marta,CO,2021-03-19 22:02:08,11.2408,-74.199,88.0,57,53,10.0
439,Broken Hill,AU,2021-03-19 21:58:20,-31.95,141.4333,68.0,68,96,14.97
440,Guerrero Negro,MX,2021-03-19 21:57:31,27.9769,-114.0611,70.48,45,5,15.52
441,Labytnangi,RU,2021-03-19 22:03:58,66.6572,66.4183,-21.17,96,34,6.87
442,Cadillac,US,2021-03-19 21:59:18,44.2519,-85.4012,50.0,23,1,3.44
443,Kieta,PG,2021-03-19 22:03:58,-6.2167,155.6333,83.17,71,100,0.43
444,Gilbues,BR,2021-03-19 22:03:59,-9.8317,-45.3439,73.56,87,100,3.18
445,Moreira Sales,BR,2021-03-19 22:01:43,-24.0622,-53.0069,73.78,84,25,6.76
446,Kitui,KE,2021-03-19 22:03:59,-1.367,38.0106,66.02,83,45,4.74
447,Darhan,MN,2021-03-19 21:58:04,49.4867,105.9228,9.19,81,30,3.8
448,Coquimbo,CL,2021-03-19 21:53:16,-29.9533,-71.3436,66.2,59,40,9.22
449,Sumbe,AO,2021-03-19 21:57:27,-11.2061,13.8437,79.99,78,94,3.98
450,Alofi,NU,2021-03-19 21:56:12,-19.0595,-169.9187,80.6,89,100,8.05
451,Mbigou,GA,2021-03-19 22:04:00,-1.9005,11.906,67.06,99,72,2.86
452,Guangyuan,CN,2021-03-19 22:04:00,32.442,105.823,50.0,76,100,1.01
453,Noumea,NC,2021-03-19 22:04:01,-22.2763,166.4572,81.0,73,0,8.05
454,Morondava,MG,2021-03-19 21:58:08,-20.2833,44.2833,79.7,81,39,3.78
455,Shache,CN,2021-03-19 22:04:01,38.4167,77.2406,40.62,41,62,3.67
456,Genhe,CN,2021-03-19 22:04:01,50.7833,121.5167,16.14,96,100,2.68
457,Fenoarivo,MG,2021-03-19 22:04:01,-18.933,47.4354,64.4,94,75,4.61
458,Vanavara,RU,2021-03-19 21:57:41,60.34,102.2797,20.75,92,100,14.76
459,Gorgan,IR,2021-03-19 22:04:02,36.8387,54.4348,46.4,93,0,6.91
460,Ihosy,MG,2021-03-19 22:04:02,-22.4,46.1167,67.17,95,100,6.89
461,Yining,CN,2021-03-19 22:04:02,29.0361,114.5636,48.74,91,96,3.69
462,Vila Velha,BR,2021-03-19 22:04:02,-20.3297,-40.2925,78.8,83,0,6.91
463,Beaufort,MY,2021-03-19 22:00:39,5.3473,115.7455,78.8,94,40,2.44
464,Thomaston,US,2021-03-19 22:04:03,32.8882,-84.3266,61.0,55,90,4.61
465,Kamaishi,JP,2021-03-19 22:04:03,39.2667,141.8833,39.78,62,36,4.25
466,Xiaoweizhai,CN,2021-03-19 22:04:03,26.1903,107.5125,52.16,94,100,4.5
467,La Ronge,CA,2021-03-19 22:04:03,55.1001,-105.2842,59.0,28,75,9.22
468,Naze,JP,2021-03-19 21:58:25,28.3667,129.4833,69.8,83,75,16.11
469,Tessalit,ML,2021-03-19 21:57:18,20.1986,1.0114,68.94,10,0,3.94
470,Mackenzie,CA,2021-03-19 22:04:04,55.2999,-123.1698,41.0,60,90,17.27
471,Samfya,ZM,2021-03-19 22:04:04,-11.3649,29.5565,66.22,90,100,4.59
472,Malakal,SS,2021-03-19 21:57:40,9.5334,31.6605,85.05,34,98,4.88
473,Kavieng,PG,2021-03-19 21:57:54,-2.5744,150.7967,83.8,71,53,10.07
474,Dunda,TZ,2021-03-19 22:04:04,-8.1167,34.25,63.68,95,52,3.09
475,Aykhal,RU,2021-03-19 21:58:39,66.0,111.5,-3.77,99,100,10.13
476,San Carlos Del Zulia,VE,2021-03-19 22:04:04,9.0,-71.9135,84.67,65,52,6.17
477,Dir,PK,2021-03-19 22:04:05,35.2058,71.8756,52.36,48,73,8.16
478,Trelew,AR,2021-03-19 22:02:19,-43.249,-65.3051,80.35,13,10,9.84
479,Kailua,US,2021-03-19 21:58:41,21.4022,-157.7394,77.0,53,40,14.97
480,Fairbanks,US,2021-03-19 21:56:15,64.8378,-147.7164,12.99,78,20,1.14
481,Moerai,PF,2021-03-19 22:04:05,-22.4333,-151.3333,79.36,67,4,8.57
482,Bom Jesus,BR,2021-03-19 22:00:46,-9.0744,-44.3586,74.46,90,100,0.98
483,Natal,BR,2021-03-19 22:03:58,-5.795,-35.2094,82.4,83,40,5.75
484,Boende,CD,2021-03-19 22:04:05,-0.2167,20.8667,72.1,96,23,1.25
485,Kalmar,SE,2021-03-19 22:00:44,56.6616,16.3616,30.0,86,38,4.61
486,Pak Chong,TH,2021-03-19 22:04:05,14.708,101.4161,82.99,75,39,2.8
487,Greifswald,DE,2021-03-19 22:04:06,54.1,13.3833,32.0,65,51,1.99
488,Nauta,PE,2021-03-19 21:57:17,-4.5061,-73.5757,85.95,65,52,2.59
489,Pangnirtung,CA,2021-03-19 21:57:50,66.1451,-65.7125,-13.0,64,20,2.37
490,Luzhou,CN,2021-03-19 22:04:06,28.8724,105.4405,55.27,72,100,9.46
491,Katherine,AU,2021-03-19 22:04:06,-14.4667,132.2667,75.2,100,90,5.75
492,Sompeta,IN,2021-03-19 22:04:07,18.9333,84.6,76.64,45,0,4.68
493,Shima,CN,2021-03-19 22:04:07,24.4478,117.8111,64.4,94,90,2.24
494,Ayagoz,KZ,2021-03-19 22:04:07,47.9714,80.4392,12.96,71,0,9.44
495,Asau,RO,2021-03-19 21:53:16,46.4333,26.4,32.0,68,99,0.58
496,Hobyo,SO,2021-03-19 21:54:38,5.3505,48.5268,80.69,80,48,12.24
497,San Patricio,US,2021-03-19 21:57:33,28.017,-97.5169,73.4,23,20,10.36
498,Birao,CF,2021-03-19 21:57:03,10.2849,22.7882,84.54,18,100,5.68
499,Kropotkin,RU,2021-03-19 22:04:08,45.4375,40.5756,42.01,87,60,10.45
500,Urucara,BR,2021-03-19 22:04:08,-2.5364,-57.76,76.93,94,83,2.35
501,Slawno,PL,2021-03-19 22:04:08,54.3628,16.6789,28.76,65,57,8.34
502,Denpasar,ID,2021-03-19 22:04:08,-8.65,115.2167,80.6,83,40,12.66
503,Macau,MO,2021-03-19 22:04:08,22.2006,113.5461,73.4,94,20,3.44
504,Kuytun,RU,2021-03-19 21:57:17,54.3419,101.5036,9.16,95,36,4.85
505,Sinnamary,GF,2021-03-19 21:57:44,5.3833,-52.95,77.02,80,39,8.81
506,Northam,GB,2021-03-19 22:04:09,51.0333,-4.2167,48.99,81,27,3.0
507,Maceio,BR,2021-03-19 22:02:26,-9.6658,-35.7353,77.0,83,0,6.91
508,Kudahuvadhoo,MV,2021-03-19 22:04:09,2.6708,72.8944,83.07,70,100,7.54
509,Vizinga,RU,2021-03-19 22:04:09,61.0749,50.1031,18.03,96,91,6.29
510,Ville-Marie,CA,2021-03-19 22:04:09,47.3335,-79.433,50.0,27,1,13.8
511,Yar-Sale,RU,2021-03-19 22:04:10,66.8333,70.8333,-20.67,99,70,8.41
512,Lagoa,PT,2021-03-19 21:55:11,39.05,-27.9833,58.93,84,96,17.22
513,Kununurra,AU,2021-03-19 22:04:10,-15.7667,128.7333,75.2,100,90,3.44
514,Aksu,CN,2021-03-19 22:04:10,41.1231,80.2644,36.23,47,0,3.85
515,Leh,IN,2021-03-19 22:04:10,34.1667,77.5833,22.42,63,15,0.94
516,Adre,TD,2021-03-19 22:04:11,13.4667,22.2,80.78,15,91,14.61
517,Metu,ET,2021-03-19 22:04:11,8.3,35.5833,58.55,94,78,3.36
518,Xining,CN,2021-03-19 21:58:13,36.6167,101.7667,21.67,79,99,0.98
519,Abrego,CO,2021-03-19 22:04:11,8.0807,-73.2205,67.86,88,100,4.52
520,Kloulklubed,PW,2021-03-19 22:00:52,7.0419,134.2556,83.25,77,99,13.67
521,Vammala,FI,2021-03-19 22:04:11,61.3333,22.9,15.8,57,0,5.75
522,Nishihara,JP,2021-03-19 21:58:09,26.1842,127.7558,69.8,83,20,6.91
523,Siyabuswa,ZA,2021-03-19 22:04:12,-25.1132,29.0445,69.64,52,3,8.1
524,Negombo,LK,2021-03-19 22:04:12,7.2083,79.8358,78.8,89,88,2.3
525,Yuzhno-Kurilsk,RU,2021-03-19 21:57:51,44.0306,145.8556,25.38,80,4,16.44
526,Torres,BR,2021-03-19 22:03:16,-29.3353,-49.7269,74.03,76,51,9.01
527,Yishui,CN,2021-03-19 22:04:12,35.7847,118.6281,41.76,64,100,5.41
528,Okha,RU,2021-03-19 22:04:12,53.5739,142.9478,9.27,89,8,9.13
529,La Macarena,CO,2021-03-19 22:04:13,2.1837,-73.7849,83.91,66,59,4.72
530,Thunder Bay,CA,2021-03-19 21:57:35,48.4001,-89.3168,55.4,30,1,4.61
531,Ust-Nera,RU,2021-03-19 21:57:06,64.5667,143.2,-10.59,94,83,6.67
532,York,US,2021-03-19 22:02:04,40.1254,-77.0,48.2,20,1,9.22
533,Karatau,KZ,2021-03-19 22:04:13,43.1667,70.4667,51.31,87,100,18.16
534,Aloleng,PH,2021-03-19 22:01:34,16.1307,119.7824,79.39,79,13,4.45
535,Santa Maria,BR,2021-03-19 21:57:43,-29.6842,-53.8069,78.8,69,0,10.36
536,Marzuq,YE,2021-03-19 22:04:13,14.4,46.4667,61.29,41,56,4.27
537,Caucaia,BR,2021-03-19 22:02:44,-3.7361,-38.6531,82.99,74,20,8.05
538,La Oroya,PE,2021-03-19 22:04:13,-11.5189,-75.8994,51.93,59,99,7.02
539,Zhigansk,RU,2021-03-19 21:58:28,66.7697,123.3711,-22.32,90,100,2.17
540,Pospelikha,RU,2021-03-19 22:04:14,51.95,81.7667,16.95,84,6,4.34
541,Luderitz,NA,2021-03-19 21:56:33,-26.6481,15.1594,66.04,71,50,22.7
542,Port Lincoln,AU,2021-03-19 21:58:20,-34.7333,135.8667,69.55,73,0,13.53
543,Wamba,NG,2021-03-19 22:04:14,8.9333,8.6,80.82,54,56,2.48
544,Tahoua,NE,2021-03-19 22:04:14,14.8888,5.2692,89.6,17,74,2.3
545,Ambon,ID,2021-03-19 22:04:14,-3.6954,128.1814,75.2,94,20,5.75
546,Elliot,ZA,2021-03-19 22:04:15,-31.3333,27.85,57.43,95,93,3.51
547,Inyonga,TZ,2021-03-19 22:04:15,-6.7167,32.0667,64.31,94,9,4.03
548,Berlevag,NO,2021-03-19 21:57:31,70.8578,29.0864,30.2,86,75,28.77
549,Gander,CA,2021-03-19 22:04:15,48.9682,-54.5906,30.2,93,90,25.32
550,Hamilton,US,2021-03-19 21:57:32,39.1834,-84.5333,51.01,29,20,17.27
551,Presidencia Roque Saenz Pena,AR,2021-03-19 22:04:15,-26.7852,-60.4388,84.99,55,78,1.01
552,Oriximina,BR,2021-03-19 22:04:16,-1.7656,-55.8661,76.98,88,100,5.12
553,Cabanas,CU,2021-03-19 22:04:16,22.9758,-82.9219,78.8,73,75,11.5
554,Namibe,AO,2021-03-19 21:57:29,-15.1961,12.1522,74.12,70,93,4.99
555,Uttaradit,TH,2021-03-19 22:04:16,17.6667,100.5,82.99,49,0,1.5
556,Vangaindrano,MG,2021-03-19 22:04:16,-23.35,47.6,74.75,90,100,3.91
557,Shingu,JP,2021-03-19 22:04:17,33.7333,135.9833,53.47,70,100,5.21
558,Prado,BR,2021-03-19 21:58:03,-17.3411,-39.2208,77.56,81,87,6.46
559,Ardahan,TR,2021-03-19 22:04:17,41.1087,42.7022,12.58,95,63,2.66
560,Barentu,ER,2021-03-19 22:04:17,15.1139,37.5928,66.85,64,0,4.34
561,Umm Lajj,SA,2021-03-19 21:58:18,25.0213,37.2685,73.72,45,0,10.96
